time,date,code,open,high,low,close,volume,amount,adjustflag,RSI_Divergence,BB_Zvalue,Williams_%R,Volume_Average,ROC
2022-03-01 10:00:00,2022-03-01,sh.600291,4.22,4.38,4.21,4.35,8607302.0,37240160.0,3.0,,,,,
2022-03-01 10:30:00,2022-03-01,sh.600291,4.35,4.35,4.27,4.3,2198400.0,9467335.0,3.0,,,,,
2022-03-01 11:00:00,2022-03-01,sh.600291,4.3,4.3,4.25,4.26,1166900.0,4985430.0,3.0,,,,,-1.1494252873563178
2022-03-01 11:30:00,2022-03-01,sh.600291,4.26,4.27,4.25,4.27,806521.0,3436964.0,3.0,,,,,-0.9302325581395358
2022-03-01 13:30:00,2022-03-01,sh.600291,4.27,4.27,4.24,4.26,995779.0,4237657.0,3.0,,,,,0.2347417840375537
2022-03-01 14:00:00,2022-03-01,sh.600291,4.27,4.29,4.26,4.27,562000.0,2402486.0,3.0,,,,,-0.234192037470721
2022-03-01 14:30:00,2022-03-01,sh.600291,4.27,4.28,4.26,4.27,807300.0,3447504.0,3.0,,,,,0.2347417840375537
2022-03-01 15:00:00,2022-03-01,sh.600291,4.27,4.33,4.27,4.31,2225800.0,9573442.0,3.0,,,,,0.0
2022-03-02 10:00:00,2022-03-02,sh.600291,4.28,4.43,4.26,4.39,6340770.0,27529525.0,3.0,,,,,0.9367681498829048
2022-03-02 10:30:00,2022-03-02,sh.600291,4.39,4.39,4.36,4.39,2332100.0,10208685.0,3.0,,,,,1.856148491879352
2022-03-02 11:00:00,2022-03-02,sh.600291,4.39,4.53,4.39,4.53,9191465.0,41196125.0,3.0,,,,,0.0
2022-03-02 11:30:00,2022-03-02,sh.600291,4.53,4.53,4.53,4.53,1646428.0,7458319.0,3.0,,,,,3.189066059225526
2022-03-02 13:30:00,2022-03-02,sh.600291,4.53,4.53,4.53,4.53,466900.0,2115057.0,3.0,,,,,0.0
2022-03-02 14:00:00,2022-03-02,sh.600291,4.53,4.53,4.5,4.51,6243772.0,28254805.0,3.0,,,,,0.0
2022-03-02 14:30:00,2022-03-02,sh.600291,4.51,4.53,4.51,4.53,5075100.0,22973150.0,3.0,,,-6.2500000000001386,,-0.4415011037527695
2022-03-02 15:00:00,2022-03-02,sh.600291,4.53,4.53,4.52,4.53,1943300.0,8798731.0,3.0,,,-0.0,,0.44345898004435613
2022-03-03 10:00:00,2022-03-03,sh.600291,4.53,4.76,4.5,4.75,17976500.0,82971783.0,3.0,,,-0.0,,0.0
2022-03-03 10:30:00,2022-03-03,sh.600291,4.74,4.76,4.7,4.76,6627400.0,31413181.0,3.0,,,-1.9230769230768836,,4.856512141280348
2022-03-03 11:00:00,2022-03-03,sh.600291,4.76,4.76,4.76,4.76,192500.0,916300.0,3.0,,,-0.0,,0.2105263157894692
2022-03-03 11:30:00,2022-03-03,sh.600291,4.76,4.76,4.76,4.76,149600.0,712096.0,3.0,,,-0.0,,0.0
2022-03-03 13:30:00,2022-03-03,sh.600291,4.76,4.76,4.76,4.76,158300.0,753508.0,3.0,,1.6192282508285714,-0.0,3777791.85,0.0
2022-03-03 14:00:00,2022-03-03,sh.600291,4.76,4.76,4.76,4.76,168700.0,803012.0,3.0,,1.4341387431087043,-0.0,3355341.75,0.0
2022-03-03 14:30:00,2022-03-03,sh.600291,4.76,4.76,4.76,4.76,224300.0,1067668.0,3.0,,1.2858572161632071,-0.0,3253856.75,0.0
2022-03-03 15:00:00,2022-03-03,sh.600291,4.76,4.76,4.76,4.76,417200.0,1985872.0,3.0,,1.1661750676494094,-0.0,3206726.75,0.0
2022-03-04 10:00:00,2022-03-04,sh.600291,4.86,5.0,4.82,4.92,22562526.0,111684850.0,3.0,,1.0618452808251664,-0.0,3187260.7,0.0
2022-03-04 10:30:00,2022-03-04,sh.600291,4.91,4.95,4.88,4.94,4460500.0,21881257.0,3.0,,1.6952024397523886,-16.000000000000014,4265598.05,3.361344537815129
2022-03-04 11:00:00,2022-03-04,sh.600291,4.94,5.0,4.91,4.97,2602840.0,12914988.0,3.0,,1.6271919326320872,-11.999999999999922,4460523.05,0.40650406504065983
2022-03-04 11:30:00,2022-03-04,sh.600291,4.98,4.98,4.92,4.96,1282020.0,6352517.0,3.0,0.05373414465234082,1.6334930298897947,-6.00000000000005,4550300.05,0.6072874493926995
2022-03-04 13:30:00,2022-03-04,sh.600291,4.95,5.0,4.93,4.93,2929600.0,14572294.0,3.0,0.05310089312671428,1.4654152518877044,-8.000000000000007,4503111.05,-0.2012072434607603
2022-03-04 14:00:00,2022-03-04,sh.600291,4.93,4.98,4.92,4.95,1285900.0,6377539.0,3.0,-0.02877851823660091,1.2006005821257646,-14.000000000000057,4332552.55,-0.6048387096774244
2022-03-04 14:30:00,2022-03-04,sh.600291,4.96,5.0,4.94,5.0,3054600.0,15227990.0,3.0,-0.03323555897145527,1.2277662052014173,-9.999999999999964,4280242.55,0.40567951318459355
2022-03-04 15:00:00,2022-03-04,sh.600291,5.0,5.0,5.0,5.0,1304300.0,6521500.0,3.0,-0.07189834947524712,1.3764382794465855,-0.0,3973399.3,1.0101010101010066
2022-03-07 10:00:00,2022-03-07,sh.600291,4.86,5.02,4.82,4.9,11583126.0,56931985.0,3.0,-0.07096106849765645,1.2535436846730497,-0.0,3956292.9,0.0
2022-03-07 10:30:00,2022-03-07,sh.600291,4.9,5.21,4.89,5.13,9875710.0,50184578.0,3.0,-0.275889259910235,0.5756439929305881,-46.15384615384589,4512104.2,-1.9999999999999927
2022-03-07 11:00:00,2022-03-07,sh.600291,5.14,5.18,5.11,5.15,1871700.0,9638460.0,3.0,-0.1358673859745931,1.8707815226070608,-17.777777777777786,4693701.1,4.693877551020399
2022-03-07 11:30:00,2022-03-07,sh.600291,5.15,5.17,5.05,5.08,1947700.0,9951844.0,3.0,-0.11689145701437595,1.8429541993953558,-13.333333333333242,4533531.1,0.38986354775829357
2022-03-07 13:30:00,2022-03-07,sh.600291,5.1,5.13,4.9,4.95,3464460.0,17372571.0,3.0,-0.18463129651213678,1.3428192151736895,-28.888888888888854,4533751.1,-1.3592233009708792
2022-03-07 14:00:00,2022-03-07,sh.600291,4.95,5.01,4.91,4.91,2116000.0,10501814.0,3.0,-0.286627390078186,0.30851006403645054,-57.77777777777771,3808149.1,-2.559055118110234
2022-03-07 14:30:00,2022-03-07,sh.600291,4.91,5.15,4.91,5.1,2772400.0,13927821.0,3.0,-0.2962760540382925,-0.06011146775358278,-76.92307692307693,3582579.1,-0.8080808080808087
2022-03-07 15:00:00,2022-03-07,sh.600291,5.1,5.13,5.01,5.13,4060860.0,20636052.0,3.0,-0.25724021407819403,1.3204022879588244,-28.20512820512831,3711574.1,3.869653767820764
2022-03-08 10:00:00,2022-03-08,sh.600291,5.08,5.22,5.0,5.03,8133971.0,41486520.0,3.0,-0.22747339970160327,1.40996932333743,-20.512820512820547,3907137.1,0.588235294117652
2022-03-08 10:30:00,2022-03-08,sh.600291,5.03,5.17,5.02,5.13,3266300.0,16655447.0,3.0,-0.290366077684906,0.5382383451184662,-47.499999999999936,4305920.65,-1.949317738791416
2022-03-08 11:00:00,2022-03-08,sh.600291,5.13,5.17,5.1,5.1,1894800.0,9722873.0,3.0,-0.1961963863345758,1.2856018168328474,-22.499999999999996,4460800.65,1.9880715705765335
2022-03-08 11:30:00,2022-03-08,sh.600291,5.1,5.12,5.03,5.06,3029710.0,15341739.0,3.0,-0.16802090697590003,0.9587397699080532,-30.000000000000064,4544325.65,-0.5847953216374318
2022-03-08 13:30:00,2022-03-08,sh.600291,5.05,5.09,4.95,4.96,3490490.0,17563719.0,3.0,-0.17677882454926036,0.5030593623879189,-40.00000000000009,4674951.15,-0.7843137254901967
2022-03-08 14:00:00,2022-03-08,sh.600291,4.96,5.02,4.91,4.92,3385700.0,16827202.0,3.0,-0.24313723711147686,-0.7063009733940181,-65.00000000000003,3721349.35,-1.9762845849802302
2022-03-08 14:30:00,2022-03-08,sh.600291,4.91,4.96,4.87,4.88,5332601.0,26087548.0,3.0,-0.23294533467725687,-1.1578222893506884,-75.00000000000006,3667609.35,-0.8064516129032264
2022-03-08 15:00:00,2022-03-08,sh.600291,4.88,4.98,4.87,4.97,3854273.0,18838516.0,3.0,-0.1763391057077673,-1.4903464245998563,-97.1428571428572,3804097.4,-0.8130081300813016
2022-03-09 10:00:00,2022-03-09,sh.600291,4.91,5.0,4.79,4.9,6162302.0,30159570.0,3.0,-0.2612453976882417,-0.4927785879387631,-71.4285714285715,3932710.05,1.8442622950819645
2022-03-09 10:30:00,2022-03-09,sh.600291,4.9,4.91,4.84,4.87,2559300.0,12450684.0,3.0,-0.29239627108241195,-1.2361223286704321,-74.4186046511627,4094345.15,-1.40845070422534
2022-03-09 11:00:00,2022-03-09,sh.600291,4.87,4.88,4.76,4.78,3685701.0,17724968.0,3.0,-0.23271614501766252,-1.4495498730278433,-81.39534883720927,4158015.15,-0.6122448979591887
2022-03-09 11:30:00,2022-03-09,sh.600291,4.78,4.82,4.73,4.75,2813100.0,13417731.0,3.0,-0.17968464679305782,-2.0068425013840074,-95.65217391304338,4189570.2,-1.8480492813141656
2022-03-09 13:30:00,2022-03-09,sh.600291,4.76,4.77,4.72,4.73,4304500.0,20354155.0,3.0,-0.1516229857786895,-1.9313447201400307,-95.91836734693887,4265010.2,-0.6276150627615115
2022-03-09 14:00:00,2022-03-09,sh.600291,4.73,4.73,4.72,4.72,2018700.0,9530670.0,3.0,-0.42209949117577095,-1.8490860897755934,-97.99999999999986,3901078.9,-0.4210526315789384
2022-03-09 14:30:00,2022-03-09,sh.600291,4.72,4.82,4.72,4.74,2696510.0,12810016.0,3.0,-0.4586939900428618,-1.6878003981894094,-100.0,3508228.4,-0.21141649048627217
2022-03-09 15:00:00,2022-03-09,sh.600291,4.75,4.8,4.73,4.78,2619251.0,12509230.0,3.0,-0.3083222606425305,-1.397000768679377,-95.55555555555544,3549468.9,0.42372881355933184
2022-03-10 10:00:00,2022-03-10,sh.600291,4.82,4.89,4.76,4.76,5420900.0,26107629.0,3.0,-0.4272559878692337,-1.0056054893148654,-86.66666666666656,3583046.45,0.8438818565400852
2022-03-10 10:30:00,2022-03-10,sh.600291,4.76,4.81,4.75,4.81,3251400.0,15532120.0,3.0,-0.38073956474435244,-1.0486164342668503,-90.0,3680868.45,-0.4184100418410139
2022-03-10 11:00:00,2022-03-10,sh.600291,4.81,4.87,4.78,4.85,2193800.0,10595989.0,3.0,-0.14828672182273434,-0.6586116626931486,-75.67567567567572,3737638.45,1.0504201680672232
2022-03-10 11:30:00,2022-03-10,sh.600291,4.85,4.96,4.85,4.89,3105300.0,15256318.0,3.0,0.1432341095157284,-0.31339559349511975,-56.66666666666668,3708708.45,0.8316008316008323
2022-03-10 13:30:00,2022-03-10,sh.600291,4.9,4.9,4.86,4.87,1134800.0,5537765.0,3.0,0.3318045506644035,0.06684150912988579,-39.28571428571436,3660930.45,0.8247422680412378
2022-03-10 14:00:00,2022-03-10,sh.600291,4.87,4.88,4.83,4.87,807800.0,3921265.0,3.0,0.3785763279813959,-0.028624876769746652,-46.428571428571345,3310971.9,-0.40899795501021624
2022-03-10 14:30:00,2022-03-10,sh.600291,4.87,4.94,4.86,4.9,1427500.0,6989446.0,3.0,0.11662215963816523,0.0893279259240464,-46.428571428571345,3188046.9,0.0
2022-03-10 15:00:00,2022-03-10,sh.600291,4.9,4.91,4.85,4.87,2059400.0,10045076.0,3.0,0.3780322903537253,0.5443783163946319,-24.999999999999815,3164681.9,0.6160164271047278
2022-03-11 10:00:00,2022-03-11,sh.600291,4.78,4.78,4.63,4.72,6617100.0,31057549.0,3.0,0.350921416561224,0.3780878712165661,-37.49999999999991,3116166.4,-0.6122448979591887
2022-03-11 10:30:00,2022-03-11,sh.600291,4.71,4.73,4.63,4.63,4263112.0,19845658.0,3.0,0.18290764441963242,-1.4365949614265703,-72.72727272727278,3272496.9,-3.080082135523621
2022-03-11 11:00:00,2022-03-11,sh.600291,4.64,4.69,4.63,4.64,1837500.0,8537969.0,3.0,0.06136689616968466,-2.1767813081753213,-100.0,3316367.5,-1.906779661016946
2022-03-11 11:30:00,2022-03-11,sh.600291,4.64,4.65,4.63,4.63,2820800.0,13065231.0,3.0,0.09870777075958491,-1.7720491061865071,-96.96969696969704,3141612.45,0.21598272138228483
2022-03-11 13:30:00,2022-03-11,sh.600291,4.63,4.66,4.63,4.63,1488900.0,6897681.0,3.0,0.06325470101445892,-1.7177891722567384,-100.0,3089938.8,-0.21551724137930575
2022-03-11 14:00:00,2022-03-11,sh.600291,4.63,4.7,4.63,4.69,1460903.0,6809682.0,3.0,-0.010617876080936292,-1.5325390114059607,-100.0,2856268.7,0.0
2022-03-11 14:30:00,2022-03-11,sh.600291,4.68,4.72,4.65,4.71,1415401.0,6634088.0,3.0,0.01042986075747763,-0.7989519992228333,-81.81818181818167,2801348.85,1.2958963282937472
2022-03-11 15:00:00,2022-03-11,sh.600291,4.71,4.71,4.63,4.63,3085699.0,14352104.0,3.0,0.05808708846705071,-0.5379113714407664,-75.75757575757575,2687833.85,0.42643923240937254
2022-03-14 10:00:00,2022-03-14,sh.600291,4.4,4.46,4.4,4.4,5784000.0,25474161.0,3.0,-0.20223902912716954,-1.2800740300819322,-100.0,2701463.8,-1.6985138004246298
2022-03-14 10:30:00,2022-03-14,sh.600291,4.4,4.4,4.4,4.4,311500.0,1370600.0,3.0,-0.5029261440313164,-2.700803171830581,-100.0,2775438.8,-4.967602591792647
2022-03-14 11:00:00,2022-03-14,sh.600291,4.4,4.4,4.4,4.4,98300.0,432520.0,3.0,-0.5847581150707437,-2.2014148941116662,-100.0,2690078.8,0.0
2022-03-14 11:30:00,2022-03-14,sh.600291,4.4,4.4,4.4,4.4,86600.0,381040.0,3.0,-0.5467077123059478,-1.872334926498069,-100.0,2560168.3,0.0
2022-03-14 13:30:00,2022-03-14,sh.600291,4.4,4.4,4.4,4.4,117700.0,517880.0,3.0,-0.5261166498974604,-1.6307799947722361,-100.0,2433535.75,0.0
2022-03-14 14:00:00,2022-03-14,sh.600291,4.4,4.4,4.4,4.4,68500.0,301400.0,3.0,-0.5994124810947893,-1.4441929884700948,-100.0,2168375.75,0.0
2022-03-14 14:30:00,2022-03-14,sh.600291,4.4,4.4,4.4,4.4,90900.0,399960.0,3.0,-0.5453911275774125,-1.291772938254156,-100.0,2009230.75,0.0
2022-03-14 15:00:00,2022-03-14,sh.600291,4.4,4.4,4.4,4.4,106600.0,469040.0,3.0,-0.3706325884097521,-1.1661140548554305,-100.0,1904085.75,0.0
2022-03-15 10:00:00,2022-03-15,sh.600291,4.18,4.18,4.18,4.18,1493600.0,6243248.0,3.0,-0.19774705198277567,-1.0635811186023436,-100.0,1754150.75,0.0
2022-03-15 10:30:00,2022-03-15,sh.600291,4.18,4.18,4.18,4.18,217900.0,910822.0,3.0,-0.4899228096790109,-1.941028586405729,-100.0,1772090.75,-5.000000000000014
2022-03-15 11:00:00,2022-03-15,sh.600291,4.18,4.18,4.18,4.18,332000.0,1387760.0,3.0,-0.4358364528915459,-1.7311127888397497,-100.0,1742595.75,0.0
2022-03-15 11:30:00,2022-03-15,sh.600291,4.18,4.18,4.18,4.18,331400.0,1385252.0,3.0,-0.38581062933425314,-1.594367987357552,-100.0,1687820.75,0.0
2022-03-15 13:30:00,2022-03-15,sh.600291,4.18,4.18,4.18,4.18,122800.0,513304.0,3.0,-0.8047660847418443,-1.4872989652582547,-100.0,1601420.75,0.0
2022-03-15 14:00:00,2022-03-15,sh.600291,4.18,4.18,4.18,4.18,51600.0,215688.0,3.0,-1.0,-1.3476686115874965,-100.0,1276705.75,0.0
2022-03-15 14:30:00,2022-03-15,sh.600291,4.18,4.18,4.18,4.18,37400.0,156332.0,3.0,-1.0,-1.214224948422023,-100.0,1066130.15,0.0
2022-03-15 15:00:00,2022-03-15,sh.600291,4.18,4.18,4.18,4.18,101100.0,422598.0,3.0,-1.0,-1.1012344284606486,-100.0,976125.15,0.0
2022-03-16 10:00:00,2022-03-16,sh.600291,4.06,4.21,4.01,4.08,13084500.0,53503331.0,3.0,-1.0,-1.0012132304303072,-100.0,840140.15,0.0
2022-03-16 10:30:00,2022-03-16,sh.600291,4.08,4.09,3.97,4.01,7811800.0,31249416.0,3.0,-1.0,-1.398032621229625,-82.051282051282,1419920.15,-2.392344497607647
2022-03-16 11:00:00,2022-03-16,sh.600291,4.01,4.04,3.97,3.97,1916700.0,7660142.0,3.0,-1.0,-1.6455190667835193,-90.69767441860475,1737465.0,-1.715686274509811
2022-03-16 11:30:00,2022-03-16,sh.600291,3.97,3.99,3.97,3.99,2691900.0,10693714.0,3.0,-1.0,-1.7870134415479753,-100.0,1762529.95,-0.997506234413955
2022-03-16 13:30:00,2022-03-16,sh.600291,3.98,4.12,3.98,4.08,2607440.0,10577612.0,3.0,-0.2861539332776411,-1.5942371168350429,-95.34883720930233,1742840.0,0.5037783375314866
2022-03-16 14:00:00,2022-03-16,sh.600291,4.08,4.15,4.05,4.11,2270400.0,9327595.0,3.0,2.1851763539226186,-0.9119334248365284,-74.41860465116284,1584012.0,2.2556390977443574
2022-03-16 14:30:00,2022-03-16,sh.600291,4.11,4.2,4.11,4.17,2454400.0,10204619.0,3.0,2.7317105653034015,-0.6376652214936888,-41.66666666666656,1681957.0,0.7352941176470649
2022-03-16 15:00:00,2022-03-16,sh.600291,4.17,4.18,4.1,4.11,2780800.0,11480759.0,3.0,4.334424912716595,-0.16059035467574606,-16.666666666666696,1799762.0,1.4598540145985306
2022-03-17 10:00:00,2022-03-17,sh.600291,4.1,4.27,4.06,4.22,8009340.0,33568191.0,3.0,2.7834423937709856,-0.5140162243904511,-41.66666666666656,1934472.0,-1.4388489208633
2022-03-17 10:30:00,2022-03-17,sh.600291,4.21,4.32,4.21,4.32,5921628.0,25468742.0,3.0,2.7830967072116177,0.4176018160052796,-16.66666666666664,2329054.0,2.6763990267639763
2022-03-17 11:00:00,2022-03-17,sh.600291,4.32,4.32,4.32,4.32,105200.0,454464.0,3.0,2.317390632720485,1.3445526327289676,-0.0,2621710.4,2.36966824644551
2022-03-17 11:30:00,2022-03-17,sh.600291,4.32,4.32,4.32,4.32,156700.0,676944.0,3.0,1.681897627829322,1.4743392929720214,-0.0,2622425.4,0.0
2022-03-17 13:30:00,2022-03-17,sh.600291,4.32,4.32,4.32,4.32,208160.0,899251.0,3.0,1.2507371539658663,1.6350852779339178,-0.0,2624930.4,0.0
2022-03-17 14:00:00,2022-03-17,sh.600291,4.32,4.32,4.32,4.32,116100.0,501552.0,3.0,0.939008665082758,1.4703350533990711,-0.0,2560658.4,0.0
2022-03-17 14:30:00,2022-03-17,sh.600291,4.32,4.32,4.32,4.32,230300.0,994896.0,3.0,0.7031248229776695,1.3341578666961131,-0.0,2555568.4,0.0
2022-03-17 15:00:00,2022-03-17,sh.600291,4.32,4.32,4.32,4.32,503800.0,2176416.0,3.0,0.7475242600316296,1.218300203189825,-0.0,2550483.4,0.0
2022-03-18 10:00:00,2022-03-18,sh.600291,4.4,4.54,4.33,4.44,16793188.0,74534986.0,3.0,0.7403305926352586,1.1174693861874232,-0.0,2559103.4,0.0
2022-03-18 10:30:00,2022-03-18,sh.600291,4.45,4.54,4.43,4.53,4223700.0,19030065.0,3.0,0.7074772188471269,1.8119389782364,-17.54385964912275,3392622.8,2.77777777777778
2022-03-18 11:00:00,2022-03-18,sh.600291,4.53,4.54,4.51,4.51,1671000.0,7568011.0,3.0,0.5464379266882737,2.060369639923392,-1.7857142857142474,3601227.8,2.0270270270270236
2022-03-18 11:30:00,2022-03-18,sh.600291,4.51,4.52,4.47,4.49,1071400.0,4813719.0,3.0,0.3611540994645388,1.6760502603005918,-6.122448979591885,3682907.8,-0.4415011037527695
2022-03-18 13:30:00,2022-03-18,sh.600291,4.48,4.51,4.43,4.5,1690900.0,7565813.0,3.0,0.22311137300207806,1.385833374257477,-10.41666666666662,3731422.8,-0.4434589800443364
2022-03-18 14:00:00,2022-03-18,sh.600291,4.5,4.54,4.49,4.54,2971000.0,13460274.0,3.0,0.1594735136463906,1.2934278229192897,-8.333333333333332,3161742.8,0.22271714922048524
2022-03-18 14:30:00,2022-03-18,sh.600291,4.54,4.54,4.54,4.54,115100.0,522554.0,3.0,0.2535564871176646,1.3769718725602886,-0.0,2919702.8,0.8888888888888897
2022-03-18 15:00:00,2022-03-18,sh.600291,4.54,4.54,4.54,4.54,100600.0,456724.0,3.0,0.18223246858684378,1.2846256774152358,-0.0,2829622.8,0.0
2022-03-21 10:00:00,2022-03-21,sh.600291,4.61,4.67,4.48,4.5,10292280.0,46987406.0,3.0,0.11095567341014319,1.2144362854137478,-0.0,2700057.8,0.0
2022-03-21 10:30:00,2022-03-21,sh.600291,4.5,4.5,4.42,4.44,4496800.0,20038387.0,3.0,-0.03405217414545896,0.8820468230318786,-48.5714285714286,3084299.8,-0.8810572687224677
2022-03-21 11:00:00,2022-03-21,sh.600291,4.44,4.45,4.4,4.42,3288203.0,14535386.0,3.0,-0.18241574903319677,0.39038802050094246,-65.71428571428565,3195619.8,-1.3333333333333246
2022-03-21 11:30:00,2022-03-21,sh.600291,4.42,4.48,4.41,4.48,1428900.0,6345743.0,3.0,-0.2224734708705121,0.156295803173366,-71.4285714285715,3237309.95,-0.45045045045046084
2022-03-21 13:30:00,2022-03-21,sh.600291,4.48,4.48,4.4,4.43,1673600.0,7411856.0,3.0,-0.1674236657093478,0.5964366853315028,-54.28571428571421,3169714.95,1.3574660633484277
2022-03-21 14:00:00,2022-03-21,sh.600291,4.43,4.48,4.42,4.45,888000.0,3946081.0,3.0,-0.238967834720716,-9.878281759275453e-15,-68.57142857142871,2852927.95,-1.1160714285714444
2022-03-21 14:30:00,2022-03-21,sh.600291,4.45,4.48,4.43,4.47,1041200.0,4642004.0,3.0,-0.2075550410779547,0.1566809969736733,-64.70588235294113,2601246.55,0.45146726862303527
2022-03-21 15:00:00,2022-03-21,sh.600291,4.47,4.47,4.41,4.43,2171200.0,9627307.0,3.0,-0.292684736598641,0.31741622407090203,-74.07407407407426,2648046.55,0.44943820224718145
2022-03-22 10:00:00,2022-03-22,sh.600291,4.47,4.59,4.43,4.49,6385500.0,28800987.0,3.0,-0.47616594668658724,-0.25432821641935693,-88.88888888888911,2748771.55,-0.8948545861297548
2022-03-22 10:30:00,2022-03-22,sh.600291,4.49,4.52,4.48,4.5,1176900.0,5289898.0,3.0,-0.30651455447372683,0.45226279044738865,-66.66666666666666,3057638.55,1.3544018058690857
2022-03-22 11:00:00,2022-03-22,sh.600291,4.49,4.57,4.49,4.54,2161100.0,9798990.0,3.0,-0.23139141263606497,0.5210222477296869,-62.96296296296303,3110678.55,0.22271714922048524
2022-03-22 11:30:00,2022-03-22,sh.600291,4.54,4.55,4.52,4.54,556000.0,2519189.0,3.0,-0.15938304561804684,1.1268316876513962,-48.14814814814818,3207218.55,0.8888888888888897
2022-03-22 13:30:00,2022-03-22,sh.600291,4.53,4.54,4.51,4.51,985800.0,4462926.0,3.0,-0.18885293580982435,1.2059666260879685,-48.14814814814818,3209828.55,0.0
2022-03-22 14:00:00,2022-03-22,sh.600291,4.51,4.52,4.47,4.48,1558000.0,6995848.0,3.0,-0.20290414226317988,0.4279293455510179,-59.2592592592594,2419459.15,-0.6607929515418557
2022-03-22 14:30:00,2022-03-22,sh.600291,4.48,4.48,4.43,4.45,1470900.0,6552311.0,3.0,-0.21143307115848725,-0.2500000000000702,-70.3703703703703,2286174.15,-0.6651884700665047
2022-03-22 15:00:00,2022-03-22,sh.600291,4.46,4.49,4.44,4.48,1532100.0,6847310.0,3.0,-0.16028738191313596,-0.909861804967094,-73.68421052631582,2276169.15,-0.6696428571428626
2022-03-23 10:00:00,2022-03-23,sh.600291,4.5,4.55,4.27,4.33,10189700.0,44479906.0,3.0,0.039694958923337395,-0.15975163524252195,-57.89473684210511,2299204.15,0.674157303370792
2022-03-23 10:30:00,2022-03-23,sh.600291,4.33,4.35,4.27,4.3,3269200.0,14041503.0,3.0,-0.17519405790182663,-2.767952513916344,-81.24999999999987,2724144.15,-3.348214285714293
2022-03-23 11:00:00,2022-03-23,sh.600291,4.3,4.32,4.29,4.31,1317100.0,5666269.0,3.0,-0.3150835706152975,-2.5698221480984618,-90.62499999999993,2739054.15,-0.692840646651276
2022-03-23 11:30:00,2022-03-23,sh.600291,4.31,4.35,4.31,4.32,1078100.0,4661326.0,3.0,-0.1926806772225303,-2.0382353573386167,-87.5,2799154.15,0.23255813953487878
2022-03-23 13:30:00,2022-03-23,sh.600291,4.31,4.32,4.29,4.29,1274600.0,5486677.0,3.0,-0.18867981138924908,-1.670436815504001,-84.37499999999979,2848029.15,0.2320185614849345
2022-03-23 14:00:00,2022-03-23,sh.600291,4.29,4.32,4.29,4.31,1129301.0,4864545.0,3.0,-0.26863608968657404,-1.7844210082544543,-93.74999999999987,2397145.15,-0.6944444444444501
2022-03-23 14:30:00,2022-03-23,sh.600291,4.31,4.33,4.29,4.31,977800.0,4214446.0,3.0,-0.14293291760145574,-1.375708757120949,-87.5,2228770.2,0.46620046620045624
2022-03-23 15:00:00,2022-03-23,sh.600291,4.31,4.32,4.27,4.3,3627502.0,15545859.0,3.0,-0.32591651407360067,-1.252692501702299,-86.66666666666669,2113250.05,0.0
2022-03-24 10:00:00,2022-03-24,sh.600291,4.2,4.35,4.19,4.34,5505500.0,23567054.0,3.0,-0.35494387859868204,-1.225403159464691,-89.99999999999993,2223180.15,-0.23201856148491387
2022-03-24 10:30:00,2022-03-24,sh.600291,4.34,4.39,4.26,4.37,3069103.0,13274957.0,3.0,-0.32132528694354984,-0.7283728725865181,-58.333333333333414,2414775.15,0.9302325581395358
2022-03-24 11:00:00,2022-03-24,sh.600291,4.36,4.44,4.36,4.39,2630900.0,11571441.0,3.0,-0.16460976548791326,-0.3622889318435772,-50.0,2523830.3,0.6912442396313422
2022-03-24 11:30:00,2022-03-24,sh.600291,4.39,4.4,4.34,4.39,1121800.0,4895857.0,3.0,-0.003885552245789208,-0.10421163674574238,-44.44444444444456,2603315.3,0.4576659038901504
2022-03-24 13:30:00,2022-03-24,sh.600291,4.39,4.39,4.34,4.34,618800.0,2695030.0,3.0,0.07897750712616153,-0.0825130837038811,-44.44444444444456,2550845.3,0.0
2022-03-24 14:00:00,2022-03-24,sh.600291,4.34,4.34,4.3,4.34,1167700.0,5044713.0,3.0,0.04420038052076445,-0.5616093361766689,-58.333333333333414,2262510.3,-1.1389521640091078
2022-03-24 14:30:00,2022-03-24,sh.600291,4.34,4.34,4.31,4.32,732700.0,3168146.0,3.0,-0.04578974290004419,-0.48977521325510603,-58.333333333333414,2262050.3,0.0
2022-03-24 15:00:00,2022-03-24,sh.600291,4.31,4.31,4.27,4.29,2345400.0,10061635.0,3.0,0.39595399897163575,-0.6522007449180469,-48.00000000000004,2190630.3,-0.4608294930875478
2022-03-25 10:00:00,2022-03-25,sh.600291,4.34,4.39,4.12,4.18,10443610.0,43946021.0,3.0,0.35440057269337666,-0.9894992574063852,-60.00000000000014,2280100.3,-0.6944444444444501
2022-03-25 10:30:00,2022-03-25,sh.600291,4.18,4.26,4.16,4.19,2471560.0,10403929.0,3.0,-0.07735889878158014,-2.296835851813392,-81.25000000000013,2752990.8,-2.564102564102572
2022-03-25 11:00:00,2022-03-25,sh.600291,4.19,4.21,4.17,4.17,1896800.0,7939562.0,3.0,-0.0692218254584474,-1.950971909262113,-78.12499999999993,2798668.8,0.23923444976078173
2022-03-25 11:30:00,2022-03-25,sh.600291,4.17,4.17,4.13,4.16,2666300.0,11051861.0,3.0,-0.04597445455920641,-1.975493844935082,-84.37500000000007,2819963.8,-0.477326968973758
2022-03-25 13:30:00,2022-03-25,sh.600291,4.16,4.16,4.13,4.15,1637601.0,6783104.0,3.0,-0.16706013368569644,-1.9870942493811496,-87.5,2876673.8,-0.23980815347721313
2022-03-25 14:00:00,2022-03-25,sh.600291,4.15,4.17,4.14,4.17,1063900.0,4422642.0,3.0,-0.18885680953445058,-1.819791720588027,-90.62499999999993,2449068.85,-0.24038461538461023
2022-03-25 14:30:00,2022-03-25,sh.600291,4.17,4.17,4.14,4.14,949300.0,3940852.0,3.0,-0.06510730886553588,-1.3913311860000948,-84.37500000000007,2338803.85,0.4819277108433632
2022-03-25 15:00:00,2022-03-25,sh.600291,4.15,4.15,4.09,4.11,4316900.0,17735427.0,3.0,-0.35414838654978853,-1.5494009700731404,-93.75000000000013,2320413.85,-0.7194244604316606
2022-03-28 10:00:00,2022-03-28,sh.600291,4.06,4.18,3.98,4.15,6716530.0,27364637.0,3.0,-0.5813758828318899,-1.6497404697930287,-94.28571428571416,2482353.85,-0.7246376811594049
2022-03-28 10:30:00,2022-03-28,sh.600291,4.15,4.2,4.12,4.14,2326812.0,9684466.0,3.0,-0.4224625167279921,-1.1061393428312338,-59.52380952380947,2754450.35,0.9732360097323608
2022-03-28 11:00:00,2022-03-28,sh.600291,4.14,4.15,4.13,4.13,511800.0,2119477.0,3.0,-0.4093961353257198,-1.0936503500257369,-60.975609756097604,2814325.9,-0.24096385542170298
2022-03-28 11:30:00,2022-03-28,sh.600291,4.13,4.17,4.13,4.14,730700.0,3031309.0,3.0,-0.3141575288736629,-1.0797419569977054,-63.414634146341456,2791025.9,-0.24154589371980165
2022-03-28 13:30:00,2022-03-28,sh.600291,4.14,4.15,4.11,4.15,1049662.0,4331363.0,3.0,-0.21827301015010642,-0.8899172553914627,-60.975609756097604,2646185.8,0.24213075060532172
2022-03-28 14:00:00,2022-03-28,sh.600291,4.15,4.15,4.12,4.14,438398.0,1812488.0,3.0,-0.04139413184360033,-0.7115370823493266,-58.53658536585353,2423393.9,0.2415458937198231
2022-03-28 14:30:00,2022-03-28,sh.600291,4.14,4.15,4.12,4.13,653800.0,2701622.0,3.0,0.07654504600874813,-0.7328193475502531,-60.975609756097604,2291858.65,-0.24096385542170298
2022-03-28 15:00:00,2022-03-28,sh.600291,4.13,4.22,4.13,4.22,2438600.0,10187412.0,3.0,0.5159785960846289,-0.7712524045311063,-46.42857142857142,2193003.65,-0.24154589371980165
2022-03-29 10:00:00,2022-03-29,sh.600291,4.2,4.29,4.16,4.2,3643900.0,15391471.0,3.0,1.0005041206931207,0.43478734007809466,-0.0,2258843.65,2.1791767554479384
2022-03-29 10:30:00,2022-03-29,sh.600291,4.2,4.21,4.15,4.18,826200.0,3457546.0,3.0,0.8943512500551564,0.29469436850423586,-29.032258064516075,2410098.65,-0.47393364928908943
2022-03-29 11:00:00,2022-03-29,sh.600291,4.18,4.2,4.16,4.2,823200.0,3440981.0,3.0,0.73032244239506,0.1332681387096362,-35.48387096774203,2393023.65,-0.47619047619048716
2022-03-29 11:30:00,2022-03-29,sh.600291,4.2,4.2,4.14,4.17,685300.0,2857435.0,3.0,0.7537118332571933,0.8193593673570977,-29.032258064516075,2397548.65,0.4784688995215422
2022-03-29 13:30:00,2022-03-29,sh.600291,4.16,4.16,4.1,4.13,1295800.0,5348002.0,3.0,0.46689410098249334,0.3205261029056264,-38.70967741935487,2314543.65,-0.7142857142857202
2022-03-29 14:00:00,2022-03-29,sh.600291,4.14,4.16,4.12,4.13,826600.0,3421856.0,3.0,0.3504176122773537,-0.9992799089663931,-51.612903225806484,1857153.15,-0.9592326139088737
2022-03-29 14:30:00,2022-03-29,sh.600291,4.13,4.15,4.12,4.13,897100.0,3707718.0,3.0,0.3702502963736207,-0.9046913173003172,-51.612903225806484,1774905.15,0.0
2022-03-29 15:00:00,2022-03-29,sh.600291,4.13,4.15,4.11,4.14,1495000.0,6175594.0,3.0,0.13876945631934892,-0.8239676442354678,-84.21052631578938,1724920.15,0.0
2022-03-30 10:00:00,2022-03-30,sh.600291,4.13,4.19,4.05,4.05,4283200.0,17634552.0,3.0,0.16116497620159986,-0.4365889964789802,-78.94736842105266,1666355.15,0.24213075060532172
2022-03-30 10:30:00,2022-03-30,sh.600291,4.06,4.08,4.02,4.05,2829400.0,11459456.0,3.0,-0.12430970934116484,-2.657501969059764,-100.0,1798635.1,-2.1739130434782576
2022-03-30 11:00:00,2022-03-30,sh.600291,4.05,4.08,4.04,4.08,1151829.0,4668794.0,3.0,-0.18322773320995733,-2.167636650514975,-88.88888888888881,1886910.1,0.0
2022-03-30 11:30:00,2022-03-30,sh.600291,4.08,4.08,4.04,4.08,1133500.0,4593865.0,3.0,-0.12880093789531832,-1.3175823419717736,-77.77777777777763,1897036.55,0.7407407407407469
2022-03-30 13:30:00,2022-03-30,sh.600291,4.08,4.09,4.04,4.07,1950012.0,7925294.0,3.0,-0.12395649853024705,-1.2419757437759862,-77.77777777777763,1737866.55,0.0
2022-03-30 14:00:00,2022-03-30,sh.600291,4.07,4.11,4.07,4.1,811800.0,3323277.0,3.0,-0.12728058623041788,-1.3088573941916146,-81.48148148148125,1499540.65,-0.24509803921568107
2022-03-30 14:30:00,2022-03-30,sh.600291,4.1,4.12,4.09,4.1,926600.0,3799595.0,3.0,-0.34739042665236985,-0.6371310473861533,-70.3703703703704,1423790.05,0.7371007371007213
2022-03-30 15:00:00,2022-03-30,sh.600291,4.1,4.11,4.06,4.06,3136600.0,12785673.0,3.0,-0.275215534958786,-0.6002278319666146,-57.89473684210531,1444530.05,0.0
2022-03-31 10:00:00,2022-03-31,sh.600291,4.04,4.09,3.98,4.01,5368010.0,21652237.0,3.0,-0.2973642195225463,-1.273079996389159,-77.77777777777783,1564825.05,-0.9756097560975618
2022-03-31 10:30:00,2022-03-31,sh.600291,4.01,4.06,3.99,4.06,2209801.0,8885684.0,3.0,-0.47100585072038065,-1.898532992595542,-86.36363636363646,1780742.45,-1.2315270935960547
2022-03-31 11:00:00,2022-03-31,sh.600291,4.06,4.11,4.04,4.08,1636940.0,6675885.0,3.0,-0.12034957864994988,-0.9339807907420095,-61.904761904762154,1869312.6,1.246882793017452
2022-03-31 11:30:00,2022-03-31,sh.600291,4.08,4.09,4.06,4.09,528100.0,2151257.0,3.0,0.10085789472186278,-0.544928891643439,-52.38095238095243,1918469.6,0.4926108374384351
2022-03-31 13:30:00,2022-03-31,sh.600291,4.09,4.09,4.04,4.05,858000.0,3481594.0,3.0,0.16423662686036747,-0.2921136845661508,-47.619047619047784,1822944.6,0.24509803921568107
2022-03-31 14:00:00,2022-03-31,sh.600291,4.05,4.06,4.01,4.02,1213700.0,4902477.0,3.0,0.055522935246938354,-0.9700590793194068,-66.66666666666681,1683649.6,-0.9779951100244507
2022-03-31 14:30:00,2022-03-31,sh.600291,4.02,4.05,4.01,4.02,921500.0,3709559.0,3.0,-0.03649877574810784,-1.444798929329276,-80.95238095238119,1703024.6,-0.7407407407407469
2022-03-31 15:00:00,2022-03-31,sh.600291,4.02,4.03,4.0,4.01,2112200.0,8469848.0,3.0,0.22808072355308726,-1.4056800052832232,-71.42857142857174,1707939.6,0.0
2022-04-01 10:00:00,2022-04-01,sh.600291,3.97,3.97,3.81,3.81,16286500.0,62446944.0,3.0,0.17462856638870947,-1.5443168751943595,-78.57142857142873,1779284.6,-0.24875621890546734
2022-04-01 10:30:00,2022-04-01,sh.600291,3.81,3.84,3.81,3.81,4719900.0,18001171.0,3.0,-0.3756118094424346,-3.5415287492623726,-100.0,2528819.6,-4.9875311720698186
2022-04-01 11:00:00,2022-04-01,sh.600291,3.81,3.81,3.81,3.81,653700.0,2490597.0,3.0,-0.350826642719551,-2.6628771682643664,-100.0,2723484.6,0.0
2022-04-01 11:30:00,2022-04-01,sh.600291,3.81,3.81,3.81,3.81,506500.0,1929765.0,3.0,-0.31060245666288455,-2.18894085895826,-100.0,2711314.6,0.0
2022-04-01 13:30:00,2022-04-01,sh.600291,3.81,3.81,3.81,3.81,351700.0,1339977.0,3.0,-0.4507703444665138,-1.8842796578614598,-100.0,2661889.6,0.0
2022-04-01 14:00:00,2022-04-01,sh.600291,3.81,3.81,3.81,3.81,214400.0,816864.0,3.0,-0.4327898986261854,-1.6401849877626122,-100.0,2465314.6,0.0
2022-04-01 14:30:00,2022-04-01,sh.600291,3.81,3.81,3.81,3.81,225000.0,857250.0,3.0,-0.36220822165304867,-1.451265444392477,-100.0,2334564.6,0.0
2022-04-01 15:00:00,2022-04-01,sh.600291,3.81,3.81,3.81,3.81,483100.0,1840611.0,3.0,-0.27533504890846544,-1.297862982243875,-100.0,2288223.15,0.0
2022-04-06 10:00:00,2022-04-06,sh.600291,3.62,3.78,3.62,3.67,13712300.0,50047600.0,3.0,-0.6652312885803947,-1.1684464525782259,-100.0,2255703.15,0.0
2022-04-06 10:30:00,2022-04-06,sh.600291,3.67,3.69,3.65,3.68,2399250.0,8811590.0,3.0,-0.9107042599152722,-1.930581115775732,-89.3617021276596,2843817.55,-3.6745406824147016
2022-04-06 11:00:00,2022-04-06,sh.600291,3.68,3.75,3.67,3.72,1812700.0,6721897.0,3.0,-0.8991440258629622,-1.6384752220941663,-87.23404255319147,2923190.05,0.27247956403270385
2022-04-06 11:30:00,2022-04-06,sh.600291,3.72,3.81,3.71,3.78,1977300.0,7449458.0,3.0,-0.4481154517904033,-1.2332791968310517,-77.27272727272722,2967495.05,1.0869565217391313
2022-04-06 13:30:00,2022-04-06,sh.600291,3.77,3.79,3.75,3.76,1043000.0,3932915.0,3.0,0.17928777998700413,-0.7347080497500099,-62.79069767441865,2909530.05,1.612903225806441
2022-04-06 14:00:00,2022-04-06,sh.600291,3.78,3.92,3.78,3.83,3946803.0,15193082.0,3.0,0.2262358766852077,-0.7920281165685689,-65.85365853658546,2693279.55,-0.5291005291005296
2022-04-06 14:30:00,2022-04-06,sh.600291,3.83,3.84,3.8,3.8,976100.0,3728030.0,3.0,0.8575710229658741,-0.22167132068826143,-40.00000000000002,2780129.65,1.861702127659582
2022-04-06 15:00:00,2022-04-06,sh.600291,3.8,3.81,3.78,3.8,2286800.0,8677833.0,3.0,1.4550203698487654,-0.36989039078938196,-40.00000000000006,2747087.65,-0.7832898172323824
2022-04-07 10:00:00,2022-04-07,sh.600291,3.76,3.89,3.75,3.86,6262152.0,24075982.0,3.0,1.2431766631311383,-0.2845038829926969,-40.00000000000006,2835022.65,0.0
2022-04-07 10:30:00,2022-04-07,sh.600291,3.86,3.86,3.8,3.82,2208700.0,8448373.0,3.0,1.321982624374174,0.3992772474634514,-20.00000000000003,3105230.25,1.578947368421054
2022-04-07 11:00:00,2022-04-07,sh.600291,3.82,3.84,3.8,3.83,945800.0,3608261.0,3.0,0.9331542875495944,0.10074397018555441,-33.33333333333338,3154980.25,-1.0362694300518145
2022-04-07 11:30:00,2022-04-07,sh.600291,3.83,3.83,3.75,3.76,1756600.0,6632104.0,3.0,0.8043661414319018,0.40610923670213167,-29.99999999999997,3156195.25,0.26178010471204793
2022-04-07 13:30:00,2022-04-07,sh.600291,3.75,3.75,3.68,3.71,2492700.0,9261196.0,3.0,0.4797271495366938,-0.6015399503366619,-53.333333333333414,3138415.25,-1.8276762402088846
2022-04-07 14:00:00,2022-04-07,sh.600291,3.71,3.73,3.68,3.73,1652900.0,6115983.0,3.0,0.29774065676528993,-1.436626494435102,-70.00000000000003,2448725.25,-1.3297872340425485
2022-04-07 14:30:00,2022-04-07,sh.600291,3.73,3.75,3.71,3.73,810600.0,3020703.0,3.0,0.2613055422631751,-0.955303493684257,-63.33333333333335,2295375.25,0.539083557951483
2022-04-07 15:00:00,2022-04-07,sh.600291,3.73,3.74,3.67,3.67,2414100.0,8917164.0,3.0,0.4656765220597241,-0.8685820942595117,-70.37037037037035,2303220.25,0.0
2022-04-08 10:00:00,2022-04-08,sh.600291,3.63,3.84,3.63,3.79,7975600.0,29625548.0,3.0,0.1759629907012163,-1.7184907951694732,-100.0,2398600.25,-1.6085790884718514
2022-04-08 10:30:00,2022-04-08,sh.600291,3.79,3.79,3.7,3.74,2477714.0,9252414.0,3.0,0.24229252477624574,0.37500033357362794,-44.827586206896505,2779795.25,3.2697547683923736
2022-04-08 11:00:00,2022-04-08,sh.600291,3.74,3.77,3.73,3.75,745800.0,2797487.0,3.0,0.003755394382266839,-0.4401356753599857,-62.06896551724127,2892960.95,-1.319261213720312
2022-04-08 11:30:00,2022-04-08,sh.600291,3.75,3.75,3.69,3.71,1534200.0,5690980.0,3.0,0.0162610023851501,-0.2147620176096229,-58.620689655172384,2919000.95,0.2673796791443793
2022-04-08 13:30:00,2022-04-08,sh.600291,3.7,3.75,3.7,3.74,897100.0,3334285.0,3.0,-0.19482019945432855,-0.8418611279369541,-69.23076923076923,2971555.95,-1.0666666666666678
2022-04-08 14:00:00,2022-04-08,sh.600291,3.74,3.79,3.73,3.76,1177700.0,4427833.0,3.0,-0.07962557304661724,-0.3930125254361514,-57.69230769230761,2330795.95,0.8086253369272304
2022-04-08 14:30:00,2022-04-08,sh.600291,3.76,3.77,3.73,3.75,1816700.0,6810129.0,3.0,-0.03729887921516212,-0.09257427644270692,-50.000000000000085,2269718.45,0.5347593582887586
2022-04-08 15:00:00,2022-04-08,sh.600291,3.76,3.76,3.71,3.74,3153600.0,11773648.0,3.0,-0.16051593512278958,-0.3360152094540726,-47.82608695652169,2269918.45,-0.26595744680850497
2022-04-11 10:00:00,2022-04-11,sh.600291,3.69,3.73,3.55,3.55,11527800.0,41227953.0,3.0,-0.09777120121697123,-0.5016990451687744,-47.61904761904746,2328733.45,-0.266666666666661
2022-04-11 10:30:00,2022-04-11,sh.600291,3.55,3.55,3.55,3.55,621200.0,2205260.0,3.0,-0.3454158910954674,-3.0063833262181068,-100.0,2852973.45,-5.080213903743325
2022-04-11 11:00:00,2022-04-11,sh.600291,3.55,3.55,3.55,3.55,168400.0,597820.0,3.0,-0.25530309972494725,-2.3975617555402637,-100.0,2686693.3,0.0
2022-04-11 11:30:00,2022-04-11,sh.600291,3.55,3.55,3.55,3.55,123900.0,439845.0,3.0,-0.1809022813633231,-2.006704700053295,-100.0,2646308.3,0.0
2022-04-11 13:30:00,2022-04-11,sh.600291,3.55,3.55,3.55,3.55,254400.0,903120.0,3.0,-0.22249787757397005,-1.7355307097177064,-100.0,2538163.3,0.0
2022-04-11 14:00:00,2022-04-11,sh.600291,3.55,3.55,3.55,3.55,111100.0,394405.0,3.0,-0.19163371913758712,-1.5670280471926228,-100.0,2237775.7,0.0
2022-04-11 14:30:00,2022-04-11,sh.600291,3.55,3.55,3.55,3.55,158700.0,563385.0,3.0,-0.07201098159912082,-1.409082413271148,-100.0,2132895.7,0.0
2022-04-11 15:00:00,2022-04-11,sh.600291,3.55,3.55,3.55,3.55,587900.0,2087045.0,3.0,-0.5569634961260532,-1.2873075750912946,-100.0,2093540.7,0.0
2022-04-12 10:00:00,2022-04-12,sh.600291,3.37,3.37,3.37,3.37,580700.0,1956959.0,3.0,-0.45736624107092877,-1.1599789708369073,-100.0,2035105.7,0.0
2022-04-12 10:30:00,2022-04-12,sh.600291,3.37,3.37,3.37,3.37,31900.0,107503.0,3.0,-0.6833982282869403,-2.386386788336597,-100.0,1939505.7,-5.07042253521126
2022-04-12 11:00:00,2022-04-12,sh.600291,3.37,3.37,3.37,3.37,31600.0,106492.0,3.0,-0.6323286075734196,-1.9987675874359327,-100.0,1858455.7,0.0
2022-04-12 11:30:00,2022-04-12,sh.600291,3.37,3.37,3.37,3.37,40500.0,136485.0,3.0,-0.8261980044661161,-1.7292220607313067,-100.0,1819505.7,0.0
2022-04-12 13:30:00,2022-04-12,sh.600291,3.37,3.37,3.37,3.37,99500.0,335315.0,3.0,-1.0,-1.5213688657627424,-100.0,1700825.7,0.0
2022-04-12 14:00:00,2022-04-12,sh.600291,3.37,3.37,3.37,3.37,89500.0,301615.0,3.0,-1.0,-1.3745698914317122,-100.0,1307020.7,0.0
2022-04-12 14:30:00,2022-04-12,sh.600291,3.37,3.37,3.37,3.37,112200.0,378114.0,3.0,-1.0,-1.2400451448069882,-100.0,1187610.0,0.0
2022-04-12 15:00:00,2022-04-12,sh.600291,3.37,3.37,3.37,3.37,218300.0,735671.0,3.0,-1.0,-1.1282581109927605,-100.0,1155930.0,0.0
2022-04-13 10:00:00,2022-04-13,sh.600291,3.2,3.2,3.2,3.2,282800.0,904960.0,3.0,-1.0,-1.0237976597833094,-100.0,1090135.0,0.0
2022-04-13 10:30:00,2022-04-13,sh.600291,3.2,3.2,3.2,3.2,25900.0,82880.0,3.0,-1.0,-1.9285746073820116,-100.0,1059420.0,-5.044510385756674
2022-04-13 11:00:00,2022-04-13,sh.600291,3.2,3.2,3.2,3.2,86100.0,275520.0,3.0,-1.0,-1.7506655842024097,-100.0,1001830.0,0.0
2022-04-13 11:30:00,2022-04-13,sh.600291,3.2,3.2,3.2,3.2,10700.0,34240.0,3.0,-1.0,-1.623078442475925,-100.0,915300.0,0.0
2022-04-13 13:30:00,2022-04-13,sh.600291,3.2,3.2,3.2,3.2,34500.0,110400.0,3.0,-1.0,-1.5415311297108432,-100.0,758155.0,0.0
2022-04-13 14:00:00,2022-04-13,sh.600291,3.2,3.2,3.2,3.2,27900.0,89280.0,3.0,-1.0,-1.3784191189755575,-100.0,183490.0,0.0
2022-04-13 14:30:00,2022-04-13,sh.600291,3.2,3.2,3.2,3.2,47600.0,152320.0,3.0,-1.0,-1.243722062102578,-100.0,153825.0,0.0
2022-04-13 15:00:00,2022-04-13,sh.600291,3.2,3.2,3.2,3.2,23000.0,73600.0,3.0,-1.0,-1.12953228385571,-100.0,147785.0,0.0
2022-04-14 10:00:00,2022-04-14,sh.600291,3.04,3.04,3.04,3.04,475200.0,1444608.0,3.0,-1.0,-1.0311269800968215,-100.0,142740.0,0.0
2022-04-14 10:30:00,2022-04-14,sh.600291,3.04,3.04,3.04,3.04,149900.0,455696.0,3.0,,-1.9496378540228068,-100.0,153780.0,-5.000000000000004
2022-04-14 11:00:00,2022-04-14,sh.600291,3.04,3.04,3.04,3.04,86900.0,264176.0,3.0,,-1.755772656222998,-100.0,155720.0,0.0
2022-04-14 11:30:00,2022-04-14,sh.600291,3.04,3.04,3.04,3.04,23500.0,71440.0,3.0,,-1.6207837230340256,-100.0,152130.0,0.0
2022-04-14 13:30:00,2022-04-14,sh.600291,3.04,3.04,3.04,3.04,51900.0,157776.0,3.0,,-1.5402217020015718,-100.0,123910.0,0.0
2022-04-14 14:00:00,2022-04-14,sh.600291,3.04,3.04,3.04,3.04,46900.0,142576.0,3.0,,-1.3773526066257662,-100.0,97470.0,0.0
2022-04-14 14:30:00,2022-04-14,sh.600291,3.04,3.04,3.04,3.04,25200.0,76608.0,3.0,,-1.2428253186423042,-100.0,98220.0,0.0
2022-04-14 15:00:00,2022-04-14,sh.600291,3.04,3.04,3.04,3.04,103600.0,314944.0,3.0,,-1.1287613155361063,-100.0,97900.0,0.0
2022-04-15 10:00:00,2022-04-15,sh.600291,2.89,2.89,2.89,2.89,513700.0,1484593.0,3.0,,-1.0304555421458437,-100.0,101055.0,0.0
2022-04-15 10:30:00,2022-04-15,sh.600291,2.89,2.89,2.89,2.89,78000.0,225420.0,3.0,,-1.9446170500468516,-100.0,121765.0,-4.934210526315787
2022-04-15 11:00:00,2022-04-15,sh.600291,2.89,2.89,2.89,2.89,73400.0,212126.0,3.0,,-1.7521223578750764,-100.0,121190.0,0.0
2022-04-15 11:30:00,2022-04-15,sh.600291,2.89,2.89,2.89,2.89,21800.0,63002.0,3.0,,-1.61819420881819,-100.0,119250.0,0.0
2022-04-15 13:30:00,2022-04-15,sh.600291,2.89,2.89,2.89,2.89,34000.0,98260.0,3.0,,-1.5387419333141206,-100.0,109425.0,0.0
2022-04-15 14:00:00,2022-04-15,sh.600291,2.89,2.89,2.89,2.89,54500.0,157505.0,3.0,,-1.3761468558474363,-100.0,96985.0,0.0
2022-04-15 14:30:00,2022-04-15,sh.600291,2.89,2.89,2.89,2.89,75500.0,218195.0,3.0,,-1.2418111215723795,-100.0,98415.0,0.0
2022-04-15 15:00:00,2022-04-15,sh.600291,2.89,2.89,2.89,2.89,69600.0,201144.0,3.0,,-1.1278890404082285,-100.0,97885.0,0.0
2022-04-18 10:00:00,2022-04-18,sh.600291,2.75,2.75,2.75,2.75,269000.0,739750.0,3.0,,-1.029695559576472,-100.0,100830.0,0.0
2022-04-18 10:30:00,2022-04-18,sh.600291,2.75,2.75,2.75,2.75,44700.0,122925.0,3.0,,-1.9389292209215176,-100.0,112555.0,-4.84429065743945
2022-04-18 11:00:00,2022-04-18,sh.600291,2.75,2.75,2.75,2.75,36500.0,100375.0,3.0,,-1.7479788205157853,-100.0,113395.0,0.0
2022-04-18 11:30:00,2022-04-18,sh.600291,2.75,2.75,2.75,2.75,18500.0,50875.0,3.0,,-1.6152492406563355,-100.0,112840.0,0.0
2022-04-18 13:30:00,2022-04-18,sh.600291,2.75,2.75,2.75,2.75,52200.0,143550.0,3.0,,-1.5370562874977456,-100.0,112615.0,0.0
2022-04-18 14:00:00,2022-04-18,sh.600291,2.75,2.75,2.75,2.75,19600.0,53900.0,3.0,,-1.374772708487197,-100.0,91465.0,0.0
2022-04-18 14:30:00,2022-04-18,sh.600291,2.75,2.75,2.75,2.75,43700.0,120175.0,3.0,,-1.2406547902994043,-100.0,84950.0,0.0
2022-04-18 15:00:00,2022-04-18,sh.600291,2.75,2.75,2.75,2.75,105600.0,290400.0,3.0,,-1.1268940978756798,-100.0,82790.0,0.0
2022-04-19 10:00:00,2022-04-19,sh.600291,2.61,2.61,2.61,2.61,616500.0,1609065.0,3.0,,-1.0288282919524219,-100.0,86895.0,0.0
2022-04-19 10:30:00,2022-04-19,sh.600291,2.61,2.61,2.61,2.61,117200.0,305892.0,3.0,,-1.9968613147048313,-100.0,115125.0,-5.090909090909095
2022-04-19 11:00:00,2022-04-19,sh.600291,2.61,2.61,2.61,2.61,37900.0,98919.0,3.0,,-1.7921231878815571,-100.0,118640.0,0.0
2022-04-19 11:30:00,2022-04-19,sh.600291,2.61,2.61,2.61,2.61,13400.0,34974.0,3.0,,-1.649731164794782,-100.0,119275.0,0.0
2022-04-19 13:30:00,2022-04-19,sh.600291,2.61,2.61,2.61,2.61,33300.0,86913.0,3.0,,-1.5629642167558107,-100.0,114765.0,0.0
2022-04-19 14:00:00,2022-04-19,sh.600291,2.61,2.61,2.61,2.61,10800.0,28188.0,3.0,,-1.3958169954357444,-100.0,90745.0,0.0
2022-04-19 14:30:00,2022-04-19,sh.600291,2.61,2.61,2.61,2.61,17800.0,46458.0,3.0,,-1.2583057392122734,-100.0,87385.0,0.0
2022-04-19 15:00:00,2022-04-19,sh.600291,2.61,2.61,2.61,2.61,308200.0,804402.0,3.0,,-1.142032087174706,-100.0,84605.0,0.0
2022-04-20 10:00:00,2022-04-20,sh.600291,2.48,2.48,2.48,2.48,369100.0,915368.0,3.0,,-1.0419761445038929,-100.0,98925.0,0.0
2022-04-20 10:30:00,2022-04-20,sh.600291,2.48,2.48,2.48,2.48,71100.0,176328.0,3.0,,-1.9648637007207592,-100.0,115680.0,-4.9808429118773905
2022-04-20 11:00:00,2022-04-20,sh.600291,2.48,2.48,2.48,2.48,168600.0,418128.0,3.0,,-1.7643873434444635,-100.0,116510.0,0.0
2022-04-20 11:30:00,2022-04-20,sh.600291,2.48,2.48,2.48,2.48,34900.0,86552.0,3.0,,-1.6233685219755007,-100.0,121165.0,0.0
2022-04-20 13:30:00,2022-04-20,sh.600291,2.48,2.48,2.48,2.48,18200.0,45136.0,3.0,,-1.5351186101696093,-100.0,119430.0,0.0
2022-04-20 14:00:00,2022-04-20,sh.600291,2.48,2.48,2.48,2.48,7200.0,17856.0,3.0,,-1.3731922585825782,-100.0,106890.0,0.0
2022-04-20 14:30:00,2022-04-20,sh.600291,2.48,2.48,2.48,2.48,38700.0,95976.0,3.0,,-1.239324212690162,-100.0,105015.0,0.0
2022-04-20 15:00:00,2022-04-20,sh.600291,2.48,2.48,2.48,2.48,42300.0,104904.0,3.0,,-1.1257486720545211,-100.0,105125.0,0.0
2022-04-21 10:00:00,2022-04-21,sh.600291,2.36,2.36,2.36,2.36,140100.0,330636.0,3.0,,-1.0278293125829407,-100.0,106315.0,0.0
2022-04-21 10:30:00,2022-04-21,sh.600291,2.36,2.36,2.36,2.36,298300.0,703988.0,3.0,,-1.924939791093696,-100.0,110710.0,-4.8387096774193585
2022-04-21 11:00:00,2022-04-21,sh.600291,2.36,2.36,2.36,2.36,149000.0,351640.0,3.0,,-1.73775011867637,-100.0,124645.0,0.0
2022-04-21 11:30:00,2022-04-21,sh.600291,2.36,2.36,2.36,2.36,34800.0,82128.0,3.0,,-1.607953962399078,-100.0,129910.0,0.0
2022-04-21 13:30:00,2022-04-21,sh.600291,2.36,2.36,2.36,2.36,27600.0,65136.0,3.0,,-1.5328678449802964,-100.0,126370.0,0.0
2022-04-21 14:00:00,2022-04-21,sh.600291,2.36,2.36,2.36,2.36,40000.0,94400.0,3.0,,-1.3713553078873129,-100.0,96925.0,0.0
2022-04-21 14:30:00,2022-04-21,sh.600291,2.36,2.36,2.36,2.36,13000.0,30680.0,3.0,,-1.237776822155944,-100.0,93065.0,0.0
2022-04-21 15:00:00,2022-04-21,sh.600291,2.36,2.36,2.36,2.36,65500.0,154580.0,3.0,,-1.1244158557448818,-100.0,91820.0,0.0
2022-04-22 10:00:00,2022-04-22,sh.600291,2.24,2.24,2.24,2.24,404000.0,904960.0,3.0,,-1.026666176553509,-100.0,94425.0,0.0
2022-04-22 10:30:00,2022-04-22,sh.600291,2.24,2.24,2.24,2.24,57700.0,129248.0,3.0,,-1.9913612296429763,-100.0,112960.0,-5.08474576271185
2022-04-22 11:00:00,2022-04-22,sh.600291,2.24,2.24,2.24,2.24,37600.0,84224.0,3.0,,-1.7885713748575685,-100.0,115305.0,0.0
2022-04-22 11:30:00,2022-04-22,sh.600291,2.24,2.24,2.24,2.24,12300.0,27552.0,3.0,,-1.6478154113320622,-100.0,116295.0,0.0
2022-04-22 13:30:00,2022-04-22,sh.600291,2.24,2.24,2.24,2.24,37900.0,84896.0,3.0,,-1.5629642167563174,-100.0,101500.0,0.0
2022-04-22 14:00:00,2022-04-22,sh.600291,2.24,2.24,2.24,2.24,34500.0,77280.0,3.0,,-1.395816995436177,-100.0,84940.0,0.0
2022-04-22 14:30:00,2022-04-22,sh.600291,2.24,2.24,2.24,2.24,93400.0,209216.0,3.0,,-1.258305739212659,-100.0,83110.0,0.0
2022-04-22 15:00:00,2022-04-22,sh.600291,2.24,2.24,2.24,2.24,162200.0,363328.0,3.0,,-1.14203208717506,-100.0,79350.0,0.0
2022-04-25 10:00:00,2022-04-25,sh.600291,2.13,2.13,2.13,2.13,192400.0,409812.0,3.0,,-1.0419761445042302,-100.0,85715.0,0.0
2022-04-25 10:30:00,2022-04-25,sh.600291,2.13,2.13,2.13,2.13,25400.0,54102.0,3.0,,-1.9537972038105982,-100.0,94425.0,-4.9107142857143
2022-04-25 11:00:00,2022-04-25,sh.600291,2.13,2.13,2.13,2.13,59000.0,125670.0,3.0,,-1.7559802201251384,-100.0,95335.0,0.0
2022-04-25 11:30:00,2022-04-25,sh.600291,2.13,2.13,2.13,2.13,20600.0,43878.0,3.0,,-1.6168269896530434,-100.0,96350.0,0.0
2022-04-25 13:30:00,2022-04-25,sh.600291,2.13,2.13,2.13,2.13,16200.0,34506.0,3.0,,-1.5302214954586888,-100.0,95265.0,0.0
2022-04-25 14:00:00,2022-04-25,sh.600291,2.13,2.13,2.13,2.13,11000.0,23430.0,3.0,,-1.3691939472966572,-100.0,89070.0,0.0
2022-04-25 14:30:00,2022-04-25,sh.600291,2.13,2.13,2.13,2.13,33900.0,72207.0,3.0,,-1.2359549696771148,-100.0,74705.0,0.0
2022-04-25 15:00:00,2022-04-25,sh.600291,2.13,2.13,2.13,2.13,27700.0,59001.0,3.0,,-1.1228456089075285,-100.0,68950.0,0.0
2022-04-26 10:00:00,2022-04-26,sh.600291,2.02,2.02,2.02,2.02,182800.0,369256.0,3.0,,-1.0252948396429977,-100.0,68595.0,0.0
2022-04-26 10:30:00,2022-04-26,sh.600291,2.02,2.02,2.02,2.02,80200.0,162004.0,3.0,,-1.98786999752784,-100.0,76355.0,-5.164319248826286
2022-04-26 11:00:00,2022-04-26,sh.600291,2.02,2.02,2.02,2.02,24800.0,50096.0,3.0,,-1.7863109680848868,-100.0,78365.0,0.0
2022-04-26 11:30:00,2022-04-26,sh.600291,2.02,2.02,2.02,2.02,31700.0,64034.0,3.0,,-1.646592698608066,-100.0,78955.0,0.0
2022-04-26 13:30:00,2022-04-26,sh.600291,2.02,2.02,2.02,2.02,16500.0,33330.0,3.0,,-1.5629642167567335,-100.0,77265.0,0.0
2022-04-26 14:00:00,2022-04-26,sh.600291,2.02,2.02,2.02,2.02,7400.0,14948.0,3.0,,-1.3958169954365287,-100.0,57890.0,0.0
2022-04-26 14:30:00,2022-04-26,sh.600291,2.02,2.02,2.02,2.02,5400.0,10908.0,3.0,,-1.258305739212973,-100.0,55375.0,0.0
2022-04-26 15:00:00,2022-04-26,sh.600291,2.02,2.02,2.02,2.02,38500.0,77770.0,3.0,,-1.1420320871753604,-100.0,53765.0,0.0
2022-04-27 10:00:00,2022-04-27,sh.600291,1.92,1.92,1.92,1.92,400700.0,769344.0,3.0,,-1.041976144504521,-100.0,55075.0,0.0
2022-04-27 10:30:00,2022-04-27,sh.600291,1.92,1.92,1.92,1.92,10200.0,19584.0,3.0,,-1.9467285090164157,-100.0,73215.0,-4.950495049504955
2022-04-27 11:00:00,2022-04-27,sh.600291,1.92,1.92,1.92,1.92,161600.0,310272.0,3.0,,-1.7505945058973078,-100.0,72000.0,0.0
2022-04-27 11:30:00,2022-04-27,sh.600291,1.92,1.92,1.92,1.92,13200.0,25344.0,3.0,,-1.6126247732262662,-100.0,75410.0,0.0
2022-04-27 13:30:00,2022-04-27,sh.600291,1.92,1.92,1.92,1.92,100600.0,193152.0,3.0,,-1.5270653162879821,-100.0,67960.0,0.0
2022-04-27 14:00:00,2022-04-27,sh.600291,1.92,1.92,1.92,1.92,123300.0,236736.0,3.0,,-1.366613997391676,-100.0,63370.0,0.0
2022-04-27 14:30:00,2022-04-27,sh.600291,1.92,1.92,1.92,1.92,98100.0,188352.0,3.0,,-1.2337786008883473,-100.0,68265.0,0.0
2022-04-27 15:00:00,2022-04-27,sh.600291,1.92,1.92,1.92,1.92,575600.0,1105152.0,3.0,,-1.1209683529484844,-100.0,70220.0,0.0
2022-04-28 10:00:00,2022-04-28,sh.600291,1.82,1.82,1.82,1.82,2357700.0,4291014.0,3.0,,-1.0236539718434043,-100.0,97970.0,0.0
2022-04-28 10:30:00,2022-04-28,sh.600291,1.82,1.82,1.82,1.82,460800.0,838656.0,3.0,,-1.9836897036384105,-100.0,215045.0,-5.208333333333327
2022-04-28 11:00:00,2022-04-28,sh.600291,1.82,1.82,1.82,1.82,119200.0,216944.0,3.0,,-1.7835984359789423,-100.0,237535.0,0.0
2022-04-28 11:30:00,2022-04-28,sh.600291,1.82,1.82,1.82,1.82,70300.0,127946.0,3.0,,-1.6451218109679016,-100.0,241800.0,0.0
2022-04-28 13:30:00,2022-04-28,sh.600291,1.82,1.82,1.82,1.82,204500.0,372190.0,3.0,,-1.562964216757318,-100.0,243930.0,0.0
2022-04-28 14:00:00,2022-04-28,sh.600291,1.82,1.82,1.82,1.82,182600.0,332332.0,3.0,,-1.3958169954370219,-100.0,245015.0,0.0
2022-04-28 14:30:00,2022-04-28,sh.600291,1.82,1.82,1.82,1.82,616200.0,1121484.0,3.0,,-1.258305739213414,-100.0,250135.0,0.0
2022-04-28 15:00:00,2022-04-28,sh.600291,1.82,1.82,1.82,1.82,695400.0,1265628.0,3.0,,-1.1420320871757617,-100.0,279705.0,0.0
2022-04-29 10:00:00,2022-04-29,sh.600291,1.73,1.73,1.73,1.73,5727700.0,9908921.0,3.0,,-1.0419761445049114,-100.0,312890.0,0.0
2022-04-29 10:30:00,2022-04-29,sh.600291,1.73,1.73,1.73,1.73,1087300.0,1881029.0,3.0,,-1.9382189847676525,-100.0,598450.0,-4.945054945054949
2022-04-29 11:00:00,2022-04-29,sh.600291,1.73,1.73,1.73,1.73,347600.0,601348.0,3.0,,-1.7440947924927324,-100.0,652445.0,0.0
2022-04-29 11:30:00,2022-04-29,sh.600291,1.73,1.73,1.73,1.73,1164100.0,2013893.0,3.0,,-1.6075412723328302,-100.0,669555.0,0.0
2022-04-29 13:30:00,2022-04-29,sh.600291,1.73,1.73,1.73,1.73,1169600.0,2023408.0,3.0,,-1.523236429839803,-100.0,725835.0,0.0
2022-04-29 14:00:00,2022-04-29,sh.600291,1.73,1.73,1.73,1.73,572700.0,990771.0,3.0,,-1.3634809591505348,-100.0,764280.0,0.0
2022-04-29 14:30:00,2022-04-29,sh.600291,1.73,1.73,1.73,1.73,965400.0,1670142.0,3.0,,-1.2311332126444694,-100.0,792405.0,0.0
2022-04-29 15:00:00,2022-04-29,sh.600291,1.73,1.73,1.73,1.73,2437400.0,4216702.0,3.0,,-1.1186844149611181,-100.0,832595.0,0.0
2022-05-17 10:00:00,2022-05-17,sh.600291,0.8,0.91,0.72,0.72,102660613.0,80206304.0,3.0,,-1.0216555663782398,-100.0,953805.0,0.0
2022-05-17 10:30:00,2022-05-17,sh.600291,0.72,0.73,0.68,0.72,22983004.0,16254143.0,3.0,,-4.092933602635973,-100.0,6081805.65,-58.38150289017341
2022-05-17 11:00:00,2022-05-17,sh.600291,0.72,0.73,0.7,0.7,7551957.0,5406958.0,3.0,,-2.875855760272895,-96.49122807017544,7224790.85,0.0
2022-05-17 11:30:00,2022-05-17,sh.600291,0.7,0.72,0.7,0.7,5834720.0,4140088.0,3.0,,-2.3333483813153184,-98.24561403508771,7597483.7,-2.7777777777777803
2022-05-17 13:30:00,2022-05-17,sh.600291,0.7,0.72,0.69,0.71,10002539.0,7054498.0,3.0,,-1.9633870490629677,-98.24561403508771,7860439.7,0.0
2022-05-17 14:00:00,2022-05-17,sh.600291,0.71,0.72,0.69,0.69,9304853.0,6517632.0,3.0,13.0,-1.6821122653083291,-97.36842105263158,8242681.65,1.42857142857143
2022-05-17 14:30:00,2022-05-17,sh.600291,0.69,0.7,0.68,0.68,7566895.0,5220070.0,3.0,5.9385964912280915,-1.5176693713383937,-99.04761904761908,8684884.3,-2.8169014084507067
2022-05-17 15:00:00,2022-05-17,sh.600291,0.68,0.72,0.68,0.71,15225821.0,10616778.0,3.0,3.8656093712390827,-1.368755509946807,-100.0,9057269.05,-1.449275362318826
2022-05-18 10:00:00,2022-05-18,sh.600291,0.74,0.77,0.72,0.74,35750243.0,26786962.0,3.0,7.048277651275914,-1.179432432029765,-97.14285714285717,9815045.1,4.41176470588234
2022-05-18 10:30:00,2022-05-18,sh.600291,0.74,0.75,0.74,0.75,3736048.0,2787623.0,3.0,5.926884570636,-1.0153484188169157,-94.2857142857143,11592332.25,4.2253521126760605
2022-05-18 11:00:00,2022-05-18,sh.600291,0.74,0.76,0.74,0.75,2510816.0,1879392.0,3.0,4.028515292766444,-0.9017406453055984,-93.33333333333334,11770004.65,1.3513513513513526
2022-05-18 11:30:00,2022-05-18,sh.600291,0.75,0.76,0.75,0.76,999140.0,753026.0,3.0,2.6996693129017784,-0.8145786812007487,-93.33333333333334,11864735.45,0.0
2022-05-18 13:30:00,2022-05-18,sh.600291,0.75,0.78,0.75,0.78,11283363.0,8702166.0,3.0,2.1867650443134856,-0.7149216463211614,-92.3809523809524,11879922.45,1.3333333333333344
2022-05-18 14:00:00,2022-05-18,sh.600291,0.78,0.78,0.78,0.78,772949.0,602900.0,3.0,2.0062767790756624,-0.6004740146725741,-90.47619047619048,12157705.6,2.6315789473684235
2022-05-18 14:30:00,2022-05-18,sh.600291,0.78,0.78,0.78,0.78,397220.0,309832.0,3.0,1.4748435800388562,-0.5265602449442027,-56.52173913043479,12141988.05,0.0
2022-05-18 15:00:00,2022-05-18,sh.600291,0.78,0.78,0.78,0.78,3607707.0,2814011.0,3.0,6.893566169161901,-0.45206372566635555,-0.0,12144469.05,0.0
2022-05-19 10:00:00,2022-05-19,sh.600291,0.77,0.83,0.76,0.83,21848824.0,17458840.0,3.0,4.047598253953025,-0.37459231953257116,-0.0,12266649.4,0.0
2022-05-19 10:30:00,2022-05-19,sh.600291,0.84,0.86,0.82,0.83,10174728.0,8566383.0,3.0,3.2887145741457418,-0.16043313627386543,-0.0,13300610.6,6.410256410256402
2022-05-19 11:00:00,2022-05-19,sh.600291,0.83,0.85,0.82,0.85,2048063.0,1706903.0,3.0,2.2830084254756833,-0.04409322896027317,-16.66666666666669,13780712.0,0.0
2022-05-19 11:30:00,2022-05-19,sh.600291,0.85,0.85,0.84,0.84,1175940.0,996726.0,3.0,1.684891774185084,0.22507477596580813,-5.5555555555555625,13834845.15,2.40963855421687
2022-05-19 13:30:00,2022-05-19,sh.600291,0.84,0.86,0.84,0.85,1997962.0,1699460.0,3.0,1.3553455827290255,1.613951272406728,-11.111111111111125,13771772.15,-1.176470588235295
2022-05-19 14:00:00,2022-05-19,sh.600291,0.85,0.86,0.85,0.86,1962760.0,1681601.0,3.0,1.1199777337972838,1.5794164106280324,-5.5555555555555625,8738639.6,1.1904761904761916
2022-05-19 14:30:00,2022-05-19,sh.600291,0.85,0.86,0.85,0.86,4689613.0,4032536.0,3.0,0.8400103348609046,1.5448329647810577,-0.0,7687627.4,1.176470588235295
2022-05-19 15:00:00,2022-05-19,sh.600291,0.86,0.86,0.85,0.86,3078401.0,2642350.0,3.0,0.6193909109597802,1.3850508277297713,-0.0,7544510.2,0.0
2022-05-20 10:00:00,2022-05-20,sh.600291,0.87,0.91,0.85,0.85,23399166.0,20773836.0,3.0,0.45520131059132346,1.2538047183970866,-0.0,7406694.25,0.0
2022-05-20 10:30:00,2022-05-20,sh.600291,0.85,0.86,0.83,0.85,7290009.0,6173028.0,3.0,0.24126222167893108,0.9876800922370381,-37.50000000000003,8076525.6,-1.1627906976744196
2022-05-20 11:00:00,2022-05-20,sh.600291,0.85,0.87,0.82,0.87,6267533.0,5267350.0,3.0,0.13518146666411493,0.9101412662591738,-37.50000000000003,7975783.4,0.0
2022-05-20 11:30:00,2022-05-20,sh.600291,0.86,0.86,0.84,0.85,1301557.0,1110983.0,3.0,0.058863840774111574,1.2215439786881472,-26.66666666666669,7910815.3,2.35294117647059
2022-05-20 13:30:00,2022-05-20,sh.600291,0.85,0.86,0.84,0.85,1674711.0,1421489.0,3.0,-0.13192422328846742,0.75747752759693,-40.00000000000003,7214602.1,-2.2988505747126458
2022-05-20 14:00:00,2022-05-20,sh.600291,0.85,0.86,0.84,0.84,2290602.0,1928967.0,3.0,-0.13527532393497088,0.6832868767872455,-40.00000000000003,5510825.5,0.0
2022-05-20 14:30:00,2022-05-20,sh.600291,0.84,0.85,0.83,0.84,1784794.0,1497993.0,3.0,-0.1893206161890352,0.36547565359957485,-46.6666666666667,5438553.2,-1.176470588235295
2022-05-20 15:00:00,2022-05-20,sh.600291,0.84,0.85,0.83,0.85,3243930.0,2728560.0,3.0,-0.3403340549877007,0.2798516881241975,-77.77777777777779,5402252.1,0.0
2022-05-23 10:00:00,2022-05-23,sh.600291,0.84,0.85,0.78,0.8,15100104.0,12253106.0,3.0,-0.2783931432124917,0.5029498781084121,-66.66666666666666,5514491.6,1.1904761904761916
2022-05-23 10:30:00,2022-05-23,sh.600291,0.8,0.8,0.78,0.79,3807243.0,3014002.0,3.0,-0.5679279795712394,-1.2778463314261894,-84.6153846153846,5705328.65,-5.882352941176463
2022-05-23 11:00:00,2022-05-23,sh.600291,0.79,0.81,0.79,0.8,2885782.0,2317791.0,3.0,-0.5442381201725689,-1.7096780202335782,-92.3076923076923,5857043.35,-1.250000000000001
2022-05-23 11:30:00,2022-05-23,sh.600291,0.8,0.81,0.8,0.8,340376.0,273731.0,3.0,-0.5151630966907346,-1.4814042397847131,-84.6153846153846,5981471.45,1.2658227848101276
2022-05-23 13:30:00,2022-05-23,sh.600291,0.8,0.82,0.8,0.82,1742380.0,1415716.0,3.0,-0.5540575721252567,-1.6571800547690527,-84.6153846153846,5818104.9,0.0
2022-05-23 14:00:00,2022-05-23,sh.600291,0.81,0.82,0.8,0.81,1393280.0,1121809.0,3.0,-0.37620276303509526,-0.7649647721887934,-69.23076923076928,4812782.7,2.4999999999999885
2022-05-23 14:30:00,2022-05-23,sh.600291,0.8,0.81,0.79,0.79,2912520.0,2324319.0,3.0,-0.3702347267606519,-1.1110769454297535,-76.9230769230769,4373710.3,-1.2195121951219388
2022-05-23 15:00:00,2022-05-23,sh.600291,0.8,0.8,0.79,0.8,2942556.0,2329695.0,3.0,-0.36267322091851983,-1.6769712030954715,-88.88888888888887,4416933.15,-2.469135802469138
2022-05-24 10:00:00,2022-05-24,sh.600291,0.8,0.8,0.78,0.78,5609500.0,4414062.0,3.0,-0.2464196081937334,-1.173841421474474,-77.77777777777774,4505263.95,1.2658227848101276
2022-05-24 10:30:00,2022-05-24,sh.600291,0.78,0.79,0.76,0.78,6740601.0,5229664.0,3.0,-0.4116110497321535,-1.6581547225938702,-100.0,4685840.85,-2.500000000000002
2022-05-24 11:00:00,2022-05-24,sh.600291,0.78,0.78,0.77,0.77,1694500.0,1314917.0,3.0,-0.2927807928627557,-1.474947385170239,-79.99999999999999,4924732.9,0.0
2022-05-24 11:30:00,2022-05-24,sh.600291,0.77,0.78,0.77,0.77,2862300.0,2221374.0,3.0,-0.275373712105198,-1.598049886871618,-89.99999999999999,4774977.25,-1.2820512820512833
2022-05-24 13:30:00,2022-05-24,sh.600291,0.77,0.78,0.76,0.76,1253099.0,965856.0,3.0,-0.17206076755434713,-1.4352526776883099,-88.88888888888887,4764172.2,0.0
2022-05-24 14:00:00,2022-05-24,sh.600291,0.76,0.77,0.75,0.76,4408248.0,3350992.0,3.0,-0.17357766931358184,-1.5496167117750776,-100.0,3656868.85,-1.2987012987012998
2022-05-24 14:30:00,2022-05-24,sh.600291,0.76,0.76,0.75,0.75,2726266.0,2049340.0,3.0,-0.2440614555301665,-1.3902701514119404,-89.99999999999999,3512780.8,0.0
2022-05-24 15:00:00,2022-05-24,sh.600291,0.75,0.75,0.74,0.75,3928824.0,2936492.0,3.0,-0.005613876102921686,-1.568520452630672,-100.0,3335717.45,-1.3157894736842117
2022-05-25 10:00:00,2022-05-25,sh.600291,0.75,0.78,0.75,0.77,5981627.0,4593282.0,3.0,0.07725163422183523,-1.4277948320607052,-87.49999999999997,3467080.8,0.0
2022-05-25 10:30:00,2022-05-25,sh.600291,0.77,0.78,0.77,0.77,459780.0,355637.0,3.0,0.22844046260882647,-0.726177756413729,-62.49999999999994,3682426.6,2.6666666666666687
2022-05-25 11:00:00,2022-05-25,sh.600291,0.77,0.82,0.77,0.81,6587310.0,5254438.0,3.0,0.20133452095169835,-0.6511274392650496,-62.49999999999994,3590885.5,0.0
2022-05-25 11:30:00,2022-05-25,sh.600291,0.81,0.81,0.79,0.81,2439640.0,1952471.0,3.0,0.4284064638404929,0.9253115963953717,-12.499999999999877,3831011.3,5.194805194805199
2022-05-25 13:30:00,2022-05-25,sh.600291,0.81,0.81,0.8,0.81,881872.0,708391.0,3.0,0.48276173249787185,1.1920162825213154,-12.499999999999877,3790796.8,0.0
2022-05-25 14:00:00,2022-05-25,sh.600291,0.81,0.81,0.79,0.79,2848897.0,2281096.0,3.0,0.6428882647111981,1.142341916861718,-12.499999999999877,3079885.2,0.0
2022-05-25 14:30:00,2022-05-25,sh.600291,0.79,0.81,0.79,0.79,2877020.0,2289549.0,3.0,0.2759657019031481,0.22846838337234257,-37.499999999999915,3031967.9,-2.469135802469138
2022-05-25 15:00:00,2022-05-25,sh.600291,0.79,0.8,0.79,0.79,1121476.0,891656.0,3.0,0.42833633047781766,0.2541947132103874,-37.499999999999915,3031529.8,0.0
2022-05-26 10:00:00,2022-05-26,sh.600291,0.8,0.82,0.79,0.8,4006488.0,3218606.0,3.0,0.36420365726052917,0.28071666021573055,-37.499999999999915,3070584.8,0.0
2022-05-26 10:30:00,2022-05-26,sh.600291,0.8,0.8,0.79,0.79,3490120.0,2775594.0,3.0,0.495753238546482,0.8488837815565057,-24.999999999999893,3183790.2,1.2658227848101276
2022-05-26 11:00:00,2022-05-26,sh.600291,0.79,0.8,0.79,0.79,498400.0,393959.0,3.0,0.307613833540562,0.41919272818807446,-37.499999999999915,3288632.2,-1.250000000000001
2022-05-26 11:30:00,2022-05-26,sh.600291,0.79,0.81,0.79,0.8,2271341.0,1813448.0,3.0,0.34903266795948806,0.41919272818807446,-37.499999999999915,3167926.2,0.0
2022-05-26 13:30:00,2022-05-26,sh.600291,0.8,0.81,0.79,0.8,1124934.0,899291.0,3.0,0.32661851434629885,0.9431836384231675,-24.999999999999893,3134365.45,1.2658227848101276
2022-05-26 14:00:00,2022-05-26,sh.600291,0.8,0.81,0.79,0.8,1603300.0,1280101.0,3.0,0.36576824463760876,0.8720815993036624,-24.999999999999893,2910137.15,0.0
2022-05-26 14:30:00,2022-05-26,sh.600291,0.8,0.81,0.79,0.8,897525.0,718500.0,3.0,0.29722024233784766,0.8063915796461203,-28.57142857142846,2653272.1,0.0
2022-05-26 15:00:00,2022-05-26,sh.600291,0.8,0.81,0.79,0.79,2217775.0,1768599.0,3.0,0.1478699615847714,0.7300607229147958,-39.99999999999987,2613423.35,0.0
2022-05-27 10:00:00,2022-05-27,sh.600291,0.8,0.82,0.8,0.82,4803795.0,3906095.0,3.0,0.006423504440596438,0.17911259929901874,-59.99999999999991,2581197.1,-1.250000000000001
2022-05-27 10:30:00,2022-05-27,sh.600291,0.82,0.84,0.82,0.83,3452100.0,2867624.0,3.0,-0.07794624270002483,1.5356449688896674,-0.0,2758731.9,3.797468354430369
2022-05-27 11:00:00,2022-05-27,sh.600291,0.83,0.83,0.81,0.81,1716500.0,1405380.0,3.0,-0.015849029121795134,1.8009072250192295,-20.000000000000046,2710924.5,1.2195121951219523
2022-05-27 11:30:00,2022-05-27,sh.600291,0.81,0.82,0.81,0.81,174300.0,141467.0,3.0,-0.17178802406769833,0.770060796705004,-59.99999999999991,2660436.2,-2.4096385542168566
2022-05-27 13:30:00,2022-05-27,sh.600291,0.82,0.82,0.81,0.81,861211.0,700832.0,3.0,-0.022164736316067538,0.7416198487552598,-59.99999999999991,2472710.0,0.0
2022-05-27 14:00:00,2022-05-27,sh.600291,0.81,0.82,0.8,0.8,2811525.0,2267313.0,3.0,-0.02833440439329279,0.6747780700766319,-59.99999999999991,2216689.2,0.0
2022-05-27 14:30:00,2022-05-27,sh.600291,0.8,0.81,0.8,0.8,536440.0,429277.0,3.0,-0.1166676403575392,-0.22360679777419576,-79.99999999999996,2334276.45,-1.234567901234569
2022-05-27 15:00:00,2022-05-27,sh.600291,0.8,0.81,0.8,0.81,2057320.0,1652082.0,3.0,-0.17730159672345203,-0.1809934272202117,-79.99999999999996,2031732.95,0.0
2022-05-30 10:00:00,2022-05-30,sh.600291,0.82,0.83,0.81,0.82,4805161.0,3934420.0,3.0,-0.014691943127961736,0.7239737088808769,-59.99999999999991,2012616.95,1.250000000000001
2022-05-30 10:30:00,2022-05-30,sh.600291,0.82,0.85,0.82,0.84,4495712.0,3755224.0,3.0,0.04502369668246428,1.5032327625206947,-40.00000000000009,2208781.4,1.2345679012345552
2022-05-30 11:00:00,2022-05-30,sh.600291,0.84,0.85,0.84,0.84,3232391.0,2718518.0,3.0,0.09478672985781975,2.508095002469909,-16.666666666666696,2291122.15,2.4390243902439046
2022-05-30 11:30:00,2022-05-30,sh.600291,0.84,0.85,0.84,0.85,986560.0,831210.0,3.0,0.10262529832935556,2.094424031171906,-16.666666666666696,2308890.7,0.0
2022-05-30 13:30:00,2022-05-30,sh.600291,0.85,0.85,0.84,0.84,774518.0,654924.0,3.0,0.1497833901742095,2.2424976231693807,-0.0,2302144.9,1.1904761904761916
2022-05-30 14:00:00,2022-05-30,sh.600291,0.84,0.85,0.84,0.85,786868.0,664843.0,3.0,0.07068012703275521,1.4782967282993154,-16.666666666666696,2140546.4,-1.176470588235295
2022-05-30 14:30:00,2022-05-30,sh.600291,0.85,0.85,0.83,0.83,2920738.0,2452391.0,3.0,0.17368720695275203,1.7606914182404776,-0.0,2005383.8,1.1904761904761916
2022-05-30 15:00:00,2022-05-30,sh.600291,0.83,0.84,0.83,0.84,1709308.0,1427031.0,3.0,-0.11344170873360557,0.6619606347449332,-40.00000000000009,2126500.7,-2.35294117647059
2022-05-31 10:00:00,2022-05-31,sh.600291,0.84,0.87,0.84,0.86,5658600.0,4843755.0,3.0,-0.10697872575434218,1.0761269958424533,-20.000000000000046,2098399.05,1.204819277108435
2022-05-31 10:30:00,2022-05-31,sh.600291,0.86,0.87,0.85,0.85,1271036.0,1089447.0,3.0,0.12259617238905511,1.8303861559349943,-14.285714285714308,2325082.35,2.380952380952383
2022-05-31 11:00:00,2022-05-31,sh.600291,0.85,0.86,0.84,0.84,2341564.0,1988522.0,3.0,0.03726190796013184,1.2108052621327907,-28.571428571428616,2308469.15,-1.1627906976744196
2022-05-31 11:30:00,2022-05-31,sh.600291,0.84,0.85,0.84,0.84,1872700.0,1588789.0,3.0,-0.03188888590387696,0.6491464211899345,-42.857142857142925,2380671.1,-1.176470588235295
2022-05-31 13:30:00,2022-05-31,sh.600291,0.84,0.86,0.84,0.84,2128043.0,1802723.0,3.0,0.025747098517568057,0.5768570867362286,-42.857142857142925,2363417.35,0.0
2022-05-31 14:00:00,2022-05-31,sh.600291,0.84,0.85,0.84,0.84,781568.0,656849.0,3.0,0.00931375478011445,0.5219183165708658,-42.857142857142925,2229629.75,0.0
2022-05-31 14:30:00,2022-05-31,sh.600291,0.84,0.85,0.83,0.83,3291124.0,2767092.0,3.0,-0.0354834139831049,0.49114414437329174,-50.000000000000085,2096103.15,0.0
2022-05-31 15:00:00,2022-05-31,sh.600291,0.83,0.85,0.83,0.84,1722691.0,1445201.0,3.0,-0.14669541421345023,-0.11330418279544546,-80.0,2174834.35,-1.1904761904761916
2022-06-01 10:00:00,2022-06-01,sh.600291,0.85,0.86,0.84,0.85,4590300.0,3891688.0,3.0,-0.1924100917043484,0.3836125260375259,-75.0,2252253.9,1.204819277108435
2022-06-01 10:30:00,2022-06-01,sh.600291,0.84,0.86,0.84,0.85,2367534.0,2012457.0,3.0,-0.11723072963582536,0.885467669205823,-50.0,2438708.35,1.1904761904761916
2022-06-01 11:00:00,2022-06-01,sh.600291,0.85,0.86,0.85,0.85,1214410.0,1033514.0,3.0,-0.161400737230121,0.8354395153235036,-50.0,2416508.8,0.0
2022-06-01 11:30:00,2022-06-01,sh.600291,0.85,0.86,0.85,0.86,1011100.0,861110.0,3.0,-0.07436335234497034,0.8290202345166675,-50.0,2450407.3,0.0
2022-06-01 13:30:00,2022-06-01,sh.600291,0.86,0.86,0.85,0.85,1500809.0,1280728.0,3.0,-0.05502466281786586,1.7369608423548044,-25.0,2398096.3,1.176470588235295
2022-06-01 14:00:00,2022-06-01,sh.600291,0.85,0.86,0.84,0.84,2269397.0,1929595.0,3.0,0.03161691633847429,0.6661999654729429,-50.0,2232878.7,-1.1627906976744196
2022-06-01 14:30:00,2022-06-01,sh.600291,0.84,0.85,0.84,0.84,2656671.0,2234958.0,3.0,-0.1362392445945611,-0.5450726990233291,-75.0,2121562.95,-1.176470588235295
2022-06-01 15:00:00,2022-06-01,sh.600291,0.84,0.85,0.84,0.85,1705748.0,1439296.0,3.0,-0.32578107209180734,-0.5450726990233291,-75.0,2092776.95,0.0
2022-06-02 10:00:00,2022-06-02,sh.600291,0.84,0.85,0.82,0.83,8938600.0,7480678.0,3.0,-0.08424082623512137,0.6661999654729698,-33.33333333333333,2128736.35,1.1904761904761916
2022-06-02 10:30:00,2022-06-02,sh.600291,0.83,0.84,0.82,0.83,1787252.0,1485404.0,3.0,-0.16908250512968084,-1.586258559339675,-75.0,2536940.45,-2.35294117647059
2022-06-02 11:00:00,2022-06-02,sh.600291,0.83,0.85,0.83,0.84,3884087.0,3266639.0,3.0,-0.14646722073108956,-1.4078702944706194,-75.0,2586959.65,0.0
2022-06-02 11:30:00,2022-06-02,sh.600291,0.84,0.84,0.83,0.83,1383500.0,1160496.0,3.0,-0.0205825517145785,-0.3999570424365469,-50.0,2635127.1,1.204819277108435
2022-06-02 13:30:00,2022-06-02,sh.600291,0.83,0.84,0.83,0.83,1721279.0,1438861.0,3.0,-0.08912201483096195,-1.4078702944706194,-75.0,2618836.7,-1.1904761904761916
2022-06-02 14:00:00,2022-06-02,sh.600291,0.83,0.85,0.83,0.84,2221368.0,1864925.0,3.0,0.007512448521414721,-1.3141445680059798,-75.0,2421970.65,0.0
2022-06-02 14:30:00,2022-06-02,sh.600291,0.84,0.85,0.84,0.84,937250.0,787970.0,3.0,0.007512448521414721,-0.11733761522672072,-50.0,2469487.25,1.204819277108435
2022-06-02 15:00:00,2022-06-02,sh.600291,0.84,0.85,0.83,0.84,5297070.0,4448565.0,3.0,-0.09214841015437902,-0.11733761522672072,-50.0,2399271.55,0.0
2022-06-06 10:00:00,2022-06-06,sh.600291,0.89,0.91,0.88,0.89,13798750.0,12322520.0,3.0,-0.0847293934103488,-0.11733761522672072,-50.0,2570490.05,0.0
2022-06-06 10:30:00,2022-06-06,sh.600291,0.89,0.9,0.88,0.89,3859187.0,3446650.0,3.0,0.3051735052080335,3.352633365036499,-22.22222222222222,3154025.4,5.952380952380958
2022-06-06 11:00:00,2022-06-06,sh.600291,0.89,0.9,0.89,0.9,1552689.0,1393376.0,3.0,0.23685366902101118,2.5448096861270217,-22.22222222222222,3307906.35,0.0
2022-06-06 11:30:00,2022-06-06,sh.600291,0.9,0.92,0.89,0.92,11136633.0,10191504.0,3.0,0.3732619059320785,2.4465818639333694,-11.11111111111111,3220984.6,1.1235955056179785
2022-06-06 13:30:00,2022-06-06,sh.600291,0.92,0.92,0.92,0.92,1010165.0,929352.0,3.0,0.49790559396297157,2.5767208464047364,-0.0,3691681.7,2.222222222222224
2022-06-06 14:00:00,2022-06-06,sh.600291,0.92,0.92,0.91,0.92,1972018.0,1814200.0,3.0,0.41856753294158916,2.117407047352337,-0.0,3512674.95,0.0
2022-06-06 14:30:00,2022-06-06,sh.600291,0.92,0.92,0.92,0.92,513547.0,472463.0,3.0,0.3422057440097394,1.8116312557645002,-0.0,3492899.15,0.0
2022-06-06 15:00:00,2022-06-06,sh.600291,0.92,0.92,0.92,0.92,574497.0,528538.0,3.0,0.4994115339348765,1.5862585590847806,-0.0,3457856.0,0.0
2022-06-07 10:00:00,2022-06-07,sh.600291,0.95,0.98,0.94,0.96,7898808.0,7595456.0,3.0,0.4215929379091451,1.4159523692496812,-0.0,3436025.85,0.0
2022-06-07 10:30:00,2022-06-07,sh.600291,0.96,0.96,0.92,0.94,3322602.0,3115502.0,3.0,0.38572121585006564,2.0571383477734244,-13.333333333333345,3755925.8,4.3478260869565135
2022-06-07 11:00:00,2022-06-07,sh.600291,0.94,0.95,0.92,0.92,2150900.0,2019179.0,3.0,0.2389147430913364,1.4091791771112263,-26.66666666666669,3808586.05,-2.0833333333333353
2022-06-07 11:30:00,2022-06-07,sh.600291,0.92,0.94,0.92,0.94,1012961.0,943778.0,3.0,0.06439098103401314,0.8671268404481579,-39.99999999999996,3783297.5,-2.1276595744680753
2022-06-07 13:30:00,2022-06-07,sh.600291,0.93,0.95,0.93,0.94,3469356.0,3260566.0,3.0,0.053491444289969034,1.1846279859362403,-26.66666666666669,3748658.15,2.1739130434782505
2022-06-07 14:00:00,2022-06-07,sh.600291,0.94,0.95,0.93,0.94,2913913.0,2749220.0,3.0,0.02057806886805652,1.0752654718557217,-26.66666666666669,3475195.95,0.0
2022-06-07 14:30:00,2022-06-07,sh.600291,0.94,0.94,0.9,0.91,4998731.0,4616127.0,3.0,-0.010341040214074754,0.9794586050173762,-40.00000000000005,3531529.0,0.0
2022-06-07 15:00:00,2022-06-07,sh.600291,0.91,0.92,0.88,0.89,9586131.0,8605457.0,3.0,-0.2789987246789452,0.22693991933285912,-69.99999999999996,3587261.2,-3.191489361702119
